"name","type","alias","sqlType","length","domain","defaultValue","description"
"OBJECTID","esriFieldTypeOID","Object ID","sqlTypeOther","","null","null","{""value"":""Unique internal identifier for each building permit record."",""fieldValueType"":""uniqueIdentifier""}"
"ID","esriFieldTypeDouble","Permit ID","sqlTypeOther","","null","null","{""value"":""Unique numeric identifier for the building permit."",""fieldValueType"":""uniqueIdentifier""}"
"ADDRESS","esriFieldTypeString","Address","sqlTypeOther","29","null","null","{""value"":""Street address where the building permit applies."",""fieldValueType"":""locationOrPlaceName""}"
"STNDADDR","esriFieldTypeString","Standardized Address","sqlTypeOther","37","null","null","{""value"":""Standardized street address for the permit location."",""fieldValueType"":""locationOrPlaceName""}"
"UNIT","esriFieldTypeString","Unit Number","sqlTypeOther","4","null","null","{""value"":""Unit or apartment number associated with the permit address."",""fieldValueType"":""locationOrPlaceName""}"
"PROCNUM","esriFieldTypeString","Processing Number","sqlTypeOther","11","null","null","{""value"":""Permit processing number assigned to the building permit."",""fieldValueType"":""uniqueIdentifier""}"
"FOLIO","esriFieldTypeString","Folio Number","sqlTypeOther","13","null","null","{""value"":""Property folio number associated with the permit, used for tax and property records."",""fieldValueType"":""uniqueIdentifier""}"
"GEOFOLIO","esriFieldTypeString","Geographic Folio","sqlTypeOther","13","null","null","{""value"":""Geographic folio number linked to the permit location."",""fieldValueType"":""uniqueIdentifier""}"
"ISCONDO","esriFieldTypeString","Is Condominium","sqlTypeOther","1","null","null","{""value"":""Indicates if the property is a condominium (Y for yes, N for no)."",""fieldValueType"":""binary""}"
"TYPE","esriFieldTypeString","Permit Type","sqlTypeOther","4","null","null","{""value"":""Type of permit issued, such as building, electrical, plumbing, mechanical, or zoning."",""fieldValueType"":""typeOrCategory""}"
"CAT1","esriFieldTypeString","Category 1","sqlTypeOther","4","null","null","{""value"":""Primary category code for the type of work performed under the permit."",""fieldValueType"":""typeOrCategory""}"
"DESC1","esriFieldTypeString","Description 1","sqlTypeOther","60","null","null","{""value"":""Description of the primary category of work performed."",""fieldValueType"":""description""}"
"CAT2","esriFieldTypeString","Category 2","sqlTypeOther","4","null","null","{""value"":""Secondary category code for additional work types under the permit."",""fieldValueType"":""typeOrCategory""}"
"DESC2","esriFieldTypeString","Description 2","sqlTypeOther","60","null","null","{""value"":""Description of the secondary category of work performed."",""fieldValueType"":""description""}"
"CAT3","esriFieldTypeString","Category 3","sqlTypeOther","4","null","null","{""value"":""Tertiary category code for further classification of work performed."",""fieldValueType"":""typeOrCategory""}"
"DESC3","esriFieldTypeString","Description 3","sqlTypeOther","60","null","null","{""value"":""Description of the tertiary category of work performed."",""fieldValueType"":""description""}"
"CAT4","esriFieldTypeString","Category 4","sqlTypeOther","4","null","null","{""value"":""Quaternary category code for additional work classification."",""fieldValueType"":""typeOrCategory""}"
"DESC4","esriFieldTypeString","Description 4","sqlTypeOther","60","null","null","{""value"":""Description of the quaternary category of work performed."",""fieldValueType"":""description""}"
"CAT5","esriFieldTypeString","Category 5","sqlTypeOther","4","null","null","{""value"":""Fifth category code for work classification under the permit."",""fieldValueType"":""typeOrCategory""}"
"DESC5","esriFieldTypeString","Description 5","sqlTypeOther","60","null","null","{""value"":""Description of the fifth category of work performed."",""fieldValueType"":""description""}"
"CAT6","esriFieldTypeString","Category 6","sqlTypeOther","4","null","null","{""value"":""Sixth category code for work classification under the permit."",""fieldValueType"":""typeOrCategory""}"
"DESC6","esriFieldTypeString","Description 6","sqlTypeOther","60","null","null","{""value"":""Description of the sixth category of work performed."",""fieldValueType"":""description""}"
"CAT7","esriFieldTypeString","Category 7","sqlTypeOther","4","null","null","{""value"":""Seventh category code for work classification under the permit."",""fieldValueType"":""typeOrCategory""}"
"DESC7","esriFieldTypeString","Description 7","sqlTypeOther","60","null","null","{""value"":""Description of the seventh category of work performed."",""fieldValueType"":""description""}"
"CAT8","esriFieldTypeString","Category 8","sqlTypeOther","4","null","null","{""value"":""Eighth category code for work classification under the permit."",""fieldValueType"":""typeOrCategory""}"
"DESC8","esriFieldTypeString","Description 8","sqlTypeOther","60","null","null","{""value"":""Description of the eighth category of work performed."",""fieldValueType"":""description""}"
"CAT9","esriFieldTypeString","Category 9","sqlTypeOther","4","null","null","{""value"":""Ninth category code for work classification under the permit."",""fieldValueType"":""typeOrCategory""}"
"DESC9","esriFieldTypeString","Description 9","sqlTypeOther","60","null","null","{""value"":""Description of the ninth category of work performed."",""fieldValueType"":""description""}"
"CAT10","esriFieldTypeString","Category 10","sqlTypeOther","4","null","null","{""value"":""Tenth category code for work classification under the permit."",""fieldValueType"":""typeOrCategory""}"
"DESC10","esriFieldTypeString","Description 10","sqlTypeOther","60","null","null","{""value"":""Description of the tenth category of work performed."",""fieldValueType"":""description""}"
"ISSUDATE","esriFieldTypeDate","Issue Date","sqlTypeOther","8","null","null","{""value"":""Date when the building permit was issued."",""fieldValueType"":""dateAndTime""}"
"LSTINSDT","esriFieldTypeString","Last Inspection Date","sqlTypeOther","8","null","null","{""value"":""Date of the last inspection related to the permit, formatted as YYYYMMDD."",""fieldValueType"":""dateAndTime""}"
"RENDATE","esriFieldTypeString","Renewal Date","sqlTypeOther","8","null","null","{""value"":""Renewal date of the permit, formatted as YYYYMMDD."",""fieldValueType"":""dateAndTime""}"
"CCDATE","esriFieldTypeString","Certificate Completion Date","sqlTypeOther","8","null","null","{""value"":""Certificate of completion date, formatted as YYYYMMDD."",""fieldValueType"":""dateAndTime""}"
"BLDCMPDT","esriFieldTypeString","Building Completion Date","sqlTypeOther","8","null","null","{""value"":""Building completion date, formatted as YYYYMMDD."",""fieldValueType"":""dateAndTime""}"
"RESCOMM","esriFieldTypeString","Residential or Commercial","sqlTypeOther","1","null","null","{""value"":""Indicates if the property use is residential (R) or commercial (C)."",""fieldValueType"":""typeOrCategory""}"
"BPSTATUS","esriFieldTypeString","Permit Status","sqlTypeOther","1","null","null","{""value"":""Current status of the building permit (e.g., F - Final, E - Expired, A - Active)."",""fieldValueType"":""orderedOrRanked""}"
"PROPUSE","esriFieldTypeString","Proposed Use","sqlTypeOther","4","null","null","{""value"":""Code representing the proposed use of the property under the permit."",""fieldValueType"":""typeOrCategory""}"
"APPTYPE","esriFieldTypeString","Application Type","sqlTypeOther","2","null","null","{""value"":""Application type code for the permit."",""fieldValueType"":""typeOrCategory""}"
"CLUC","esriFieldTypeString","Land Use Code","sqlTypeOther","4","null","null","{""value"":""Comprehensive land use code associated with the permit location."",""fieldValueType"":""typeOrCategory""}"
"FFRMLINE","esriFieldTypeString","Work Description Line","sqlTypeOther","19","null","null","{""value"":""Brief description or line item of the permit work, such as re-roof or new pool."",""fieldValueType"":""description""}"
"LGLDESC1","esriFieldTypeString","Legal Description Line 1","sqlTypeOther","33","null","null","{""value"":""First legal description line for the property associated with the permit."",""fieldValueType"":""description""}"
"LGLDESC2","esriFieldTypeString","Legal Description Line 2","sqlTypeOther","33","null","null","{""value"":""Second legal description line for the property associated with the permit."",""fieldValueType"":""description""}"
"ESTVALUE","esriFieldTypeDouble","Estimated Project Value","sqlTypeOther","","null","null","{""value"":""Estimated monetary value of the construction or renovation project in US dollars."",""fieldValueType"":""currency""}"
"PTSOURCE","esriFieldTypeString","Permit Data Source","sqlTypeOther","1","null","null","{""value"":""Source of the permit data (e.g., P, A, S)."",""fieldValueType"":""typeOrCategory""}"
"MPRMTNUM","esriFieldTypeDouble","Master Permit Number","sqlTypeOther","","null","null","{""value"":""Master permit number associated with the building permit."",""fieldValueType"":""uniqueIdentifier""}"
"LSTAPPRDT","esriFieldTypeString","Last Approval Date","sqlTypeOther","8","null","null","{""value"":""Date of the last approval related to the permit, formatted as YYYYMMDD."",""fieldValueType"":""dateAndTime""}"
"CONTRNUM","esriFieldTypeString","Contractor Number","sqlTypeOther","16","null","null","{""value"":""Contractor license or identification number associated with the permit."",""fieldValueType"":""uniqueIdentifier""}"
"CONTRNAME","esriFieldTypeString","Contractor Name","sqlTypeOther","60","null","null","{""value"":""Name of the contractor responsible for the work under the permit."",""fieldValueType"":""nameOrTitle""}"
"GlobalID","esriFieldTypeGlobalID","Global ID","sqlTypeOther","38","null","null","{""value"":""Global unique identifier for the building permit record."",""fieldValueType"":""uniqueIdentifier""}"
